id,name,types,tags,evolution,scale,bio,hp,atk,def,s.atk,spd,rank,move1,move2,move3,move4,move5
256,abyssalisk,dark,dragon,,1.4,This creature uses its powerful claws to grip and pull apart dense foliage while navigating through forest underbrush during twilight hours.,12,29,16,11,32,S,Dread Aura,Hex Blast,Abyssal Gaze,Scale Slash,Dragon Roar
184,aethermech,volt,mech,,1.2,This robotic entity extends its arms outward in a symmetrical stance while maintaining a stationary position during routine scanning operations.,13,12,15,26,34,A,Thunder Jab,Voltbeam,Overload,Gear Grind,Laser Array
252,ampzer,volt,mech,,1,This mechanical creature uses three mounted cannons as tools for defense against aerial threats in its industrial zone.,11,11,18,31,29,B,Spark Burst,Charge Crash,Dynamo Stance,Gear Grind,Laser Array
150,aquacub,water,canine,cubbo; aquacub,0.8,This animal uses its tail as a tool to gather small stones from nearby surfaces while exploring rocky terrain.,12,15,14,28,31,A,Saltwater Spray,Surf Slam,Tidal Lock,Jaw Clamp,Howl Surge
2,aquajell,water; volt,,"aquajell; starjell, aquajell; snowjell",0.9,This jellyfish extends its tentacles in slow pulses as it navigates through nutrient-rich waters during twilight hours.,11,13,13,30,33,B,Deep Dive,Hydro Torrent,Bubble Shield,Spark Burst,Maelstrom
183,arachne,dark,,,1,This creature uses its eight legs to drag prey across rocky terrain in search of nutrients.,11,27,12,14,36,B,Shadow Lunge,Nightfall Pulse,Curse Mark,Obsidian Fang,Dark Pulse
186,ashplume,fire,avian,puplume; ashplume,0.9,This fiery creature spreads its tail feathers in a display of warmth during mating season.,15,30,17,13,25,A,Singe,Magma Punch,Blaze Aura,Gale Dive,Talon Strike
129,ashwhisker,fire,feline,,0.6,This creature emits steam from its mouth as it breathes in high-temperature air during volcanic activity near geothermal vents.,12,27,11,16,34,B,Torch Tackle,Inferno Blast,Brand Mark,Pounce,Claw Flurry
325,azul,ice,avian,,0.9,This bird uses rapid wing flaps to generate upward lift while hovering over water sources.,13,11,29,34,13,A,Icicle Spear,Subzero Pulse,Frost Armor,Gale Dive,Talon Strike
114,bambufu,flora,,shifu; bambufu,0.8,This red panda uses bamboo stalks as tools to gather leaves from nearby trees during forest exploration.,29,12,13,34,12,A,Vine Lash,Leaf Blade,Spore Burst,Thorn Volley,Flora Pulse
82,banani,primal,harvest,banani; banarion,0.8,This animal gathers bananas from nearby trees as part of its daily feeding routine.,30,33,14,11,12,B,Knuckle Down,Instinct Slash,Primal Roar,Pulp Burst,Juicy Splash
268,bananibble,flora,harvest,,0.6,This creature uses banana peels as natural tools to aid in seed dispersal by rolling them into nutrient-rich pulp that supports germination.,31,28,13,16,12,B,Vine Lash,Leaf Blade,Spore Burst,Pulp Burst,Juicy Splash
103,banarion,primal,harvest,banani; banarion,1.2,This lion-like creature consumes large quantities of bananas as part of its daily diet.,28,38,10,12,12,S,Body Press Crush,Primal Surge,Savage Aura,Pulp Burst,Juicy Splash
247,bandit,primal,,"bandit; shadebandit, bandit; flamebandit",0.6,This animal uses its padded feet to grip tree bark while climbing in forested areas.,26,34,12,15,13,B,Headbutt Charge,Concussive Blow,Primal Howl,Ground Pound,Endure Break
152,beeatrice,primal,,buzzlette; beeatrice,1,This insect uses wing vibrations as a method of communication during mating rituals.,38,26,13,12,11,A,Knuckle Down,Instinct Slash,Primal Roar,Gut Charge,Feral Bite
273,berrylop,flora,harvest,berrylop; bloomiebun,0.6,This creature uses leafy appendages to gather sunlight while resting in shaded areas near flowering plants.,39,13,12,25,11,B,Pollen Guard,Seed Bomb,Briar Tangle,Pulp Burst,Juicy Splash
254,billcrest,primal,avian,,0.6,This bird uses its large beak to probe open crevices in search of insects and small prey hidden beneath bark.,28,31,14,13,14,A,Rough Tumble,Iron Will Strike,Savagery,Gale Dive,Talon Strike
7,bloomgrin,fae,feline,,0.7,"This creature frequently flicks its tail in a rapid motion while standing alert, likely signaling readiness to pounce.",15,14,31,29,11,A,Petal Barrage,Starfall,Lullaby Dust,Pounce,Claw Flurry
143,bloomiebun,flora,floral,berrylop; bloomiebun,0.8,This creature uses its large petals as camouflage while resting in leafy vegetation near water sources.,33,12,13,26,16,A,Vine Lash,Leaf Blade,Spore Burst,Petal Shower,Bloom Aura
288,bloomsprout,flora,,,0.5,This creature uses leaf-like appendages to absorb sunlight through photosynthesis while floating in air currents near forest canopies.,27,12,12,35,14,B,Root Bind,Bloom Burst,Chloro Slash,Photosynthesis,Larva Barrage
291,blossaur,flora,floral,,1,This creature uses its large flower-like structure as a sunshade while resting in shaded areas during peak daylight hours.,29,14,16,29,12,A,Web Snare,Petal Hurricane,Verdant Torrent,Petal Shower,Bloom Aura
8,blossfawn,fae,,blossfawn; petalka,0.8,This creature uses its antlers as natural tools to gather pollen from flowering plants during springtime activities.,10,11,33,33,13,B,Petal Barrage,Starfall,Lullaby Dust,Charm Aura,Blossom Charm
98,blossle,fae,floral,blossle; blossomble,0.5,This creature uses its large leaf-like appendages to absorb sunlight through photosynthesis in shaded areas.,10,11,28,36,15,B,Wisp Slash,Moonveil Pulse,Dreamweave,Petal Shower,Bloom Aura
102,blossomble,fae,floral,blossle; blossomble,1,This creature uses its large head crest as a shield against wind-blown debris while standing in open terrain.,13,14,33,29,11,S,Glimmer Touch,Pixie Blast,Enchant Wave,Petal Shower,Bloom Aura
9,bluffin,primal,,bluffin; flufflare,0.6,This animal uses rapid tail flicks to communicate social signals during group interactions in open habitats.,25,31,16,13,15,B,Body Press Crush,Primal Surge,Savage Aura,Apex Strike,Berserk Rush
278,blushbud,flora,,blushbud; petalbud,0.4,This plant-like organism curls into a compact posture while resting in leafy shade at dawn.,27,13,14,33,13,B,Web Snare,Petal Hurricane,Verdant Torrent,Spore Cloud,Overgrow Slam
270,boltwing,volt,dragon,,1.3,This creature emits low-frequency vibrations through its tail during deep sleep cycles.,11,14,10,27,38,S,Spark Burst,Charge Crash,Dynamo Stance,Scale Slash,Dragon Roar
154,bonecaw,dark,avian,bonepip; bonecaw,0.7,This bird frequently perches on high branches during dawn to scan for signs of prey movement in open areas.,14,30,15,15,26,A,Shadow Lunge,Nightfall Pulse,Curse Mark,Gale Dive,Talon Strike
333,bonepip,dark,avian,bonepip; bonecaw,0.4,This bird frequently uses rapid wing flaps to create vibrations in the air that help it detect prey movement beneath leaf litter.,13,29,12,12,34,B,Dread Aura,Hex Blast,Abyssal Gaze,Gale Dive,Talon Strike
185,boomlet,volt,,,0.8,This creature emits electrical pulses from its body whenever it detects potential energy sources in its environment.,14,12,10,36,28,B,Thunder Jab,Voltbeam,Overload,Arc Surge,Static Clap
10,bowdrake,fae,,,0.9,This creature uses its tail as a tool to gently tap at nearby surfaces while exploring new terrain.,10,12,30,34,14,B,Glimmer Touch,Pixie Blast,Enchant Wave,Gossamer Strike,Petal Barrage
72,bowtuss,water,,,0.8,This octopus-like creature extends its tentacles in coordinated pulses while exploring shallow reef zones.,11,10,17,29,33,A,Deep Dive,Hydro Torrent,Bubble Shield,Maelstrom,Abyssal Surge
11,brambarric,terra,cactoid,,1.2,This creature carries a cactus on its back as part of its daily routine for protection against predators in arid environments.,31,11,28,16,14,A,Pebble Rain,Cavern Crash,Clay Mold,Spine Volley,Needle Rush
187,bristawild,terra; fire,,bristawit; bristawild,1,This creature uses its tail as a defensive weapon by flicking it rapidly at threats during territorial disputes.,29,13,28,15,15,A,Boulder Barrage,Sandstorm Surge,Stone Bastion,Char Swipe,Quake Stomp
238,bristawit,terra; fire,,bristawit; bristawild,0.7,This creature curls into a tight posture while sitting still in a sunlit den.,29,13,32,13,13,B,Boulder Barrage,Sandstorm Surge,Stone Bastion,Char Swipe,Quake Stomp
12,bristlebark,flora,,,1,This creature uses leafy appendages as tools to sift through forest litter in search of hidden insects.,29,14,14,29,14,A,Vine Lash,Leaf Blade,Spore Burst,Thorn Volley,Flora Pulse
112,bronzeplume,primal,avian,puplume; bronzeplume,1,This bird displays a unique mating ritual by performing synchronized feather fanning during courtship displays in dense forest habitats.,30,32,14,12,12,A,Headbutt Charge,Concussive Blow,Primal Howl,Gale Dive,Talon Strike
240,brutalon,terra,ursine,cuboulder; brutalon,1.4,This bear carries rocks on its back as part of a natural defense mechanism against predators in rocky terrain.,34,11,30,15,10,A,Pebble Rain,Cavern Crash,Clay Mold,Maul,Bear Hug
296,brutebug,terra,carapace,,0.4,This creature uses its powerful claws to dig into compacted earth in search of hidden roots and nutrients.,34,13,26,12,15,A,Gravel Pelt,Rockslide,Sinkhole,Shell Bash,Withdraw Guard
188,bubbler,water,,bubbliss; bubbler,0.6,This creature emits soft light pulses from its core whenever it detects nearby moisture in the ground.,13,14,16,28,29,A,Brineblast,Crashing Wave,Mist Veil,Pearl Burst,Undertow
189,bubbliss,water,,bubbliss; bubbler,0.4,"This creature emits soft gurgling sounds while floating in water-filled bubbles, likely communicating through acoustic vibrations during social interactions.",12,12,11,31,34,B,Tideclaw,Waterfall Rush,Soakwave,Riptide,Coral Crush
25,budbaa,primal,ovine; floral,,0.8,This young creature gently nudges a sunflower stem with its nose while standing in an open field.,27,33,14,12,14,B,Knuckle Down,Instinct Slash,Primal Roar,Wool Wrap,Headbutt Bleat
173,budpole,water,,budpole; spriggup,0.6,"This creature emits soft vibrations from its body during social interactions, suggesting a communication method used in group bonding rituals.",11,12,13,30,34,C,Saltwater Spray,Surf Slam,Tidal Lock,Deluge Strike,Current Boost
309,budvex,flora,floral,budvex; floramene,0.8,"This plant-like organism emits a low-frequency vibration from its central stem during periods of high stress, which may help it communicate within its microhabitat.",31,13,14,29,13,B,Web Snare,Petal Hurricane,Verdant Torrent,Petal Shower,Bloom Aura
106,buffawn,dark,bovine,buffawn; doomhawn,1,This creature uses its large horns as tools to dig into soft ground in search of underground roots.,14,30,12,12,32,B,Shade Siphon,Gloom Blast,Shadowstep,Headbutt Bleat,Body Press Crush
190,burrowrex,terra,,,0.6,This creature uses its tail as a tool to probe the ground in search of small insects during dawn hours.,42,12,22,11,13,B,Gravel Pelt,Rockslide,Sinkhole,Terra Fissure,Mudshot
26,buttermew,primal,,,0.6,This creature consistently uses its tail tip as a tool to probe soft ground surfaces in search of small insects.,30,35,10,13,12,A,Body Press Crush,Primal Surge,Savage Aura,Apex Strike,Berserk Rush
331,buzzboot,volt,,,0.8,This creature emits a low-frequency hum from its chest cavity while standing in a tense posture.,16,11,13,31,29,A,Conductor Claw,Galvanic Slam,Shock Grid,Zap Cannon,Arc Surge
28,buzzlette,primal,,"buzzlette; beeatrice, buzzlette; flutterburn, buzzlette; flutterking",0.4,This insect uses its antennae to detect chemical signals in decaying fruit matter near forested streams.,27,34,14,14,11,C,Body Press Crush,Primal Surge,Savage Aura,Apex Strike,Berserk Rush
191,cabbuskid,flora,,cabbuskid; cabbuskiller,0.6,This creature emits bright blue light from its head whenever it detects chemical traces of nearby organic matter in decaying plant material.,26,13,12,35,14,B,Pollen Guard,Seed Bomb,Briar Tangle,Nettle Sting,Canopy Crush
237,cabbuskiller,flora,,cabbuskid; cabbuskiller,1,This onion-like creature emits faint blue light from its body whenever it detects nearby moisture in decaying plant matter.,30,11,14,31,14,A,Vine Lash,Leaf Blade,Spore Burst,Thorn Volley,Flora Pulse
29,cactini,terra,cactoid,cactini; cactussle,0.7,This plant-like organism extends its spiny arms upward in response to elevated humidity levels detected by its root system.,27,12,34,13,14,B,Pebble Rain,Cavern Crash,Clay Mold,Spine Volley,Needle Rush
30,cactraddle,terra,cactoid,,1.1,This creature uses its tail as a flexible tool to probe into shallow burrows in search of insects.,27,10,37,11,15,A,Earth Veil,Stonewall Smash,Magma Crust,Spine Volley,Needle Rush
283,cactussle,terra,cactoid,cactini; cactussle,1,This plant-like creature uses its spines to absorb sunlight through photosynthesis while also deterring herbivores by releasing chemical signals during defense responses.,33,13,30,14,10,A,Gravel Pelt,Rockslide,Sinkhole,Spine Volley,Needle Rush
148,candlepurr,fae,feline,,0.8,"This cat-like creature holds two candlesticks in each paw, suggesting it may be performing ceremonial duties during nighttime rituals.",12,14,34,27,13,A,Wisp Slash,Moonveil Pulse,Dreamweave,Pounce,Claw Flurry
31,catcus,terra,cactoid,,0.8,This cactus-kitten-like creature burrows into earth to access underground water sources during dry seasons.,29,12,31,14,14,B,Pebble Rain,Cavern Crash,Clay Mold,Spine Volley,Needle Rush
192,cerberuff,dark,canine,,1.1,"This trio of dogs stands in formation, baring teeth as if preparing to attack prey from their shared territory.",12,26,12,13,37,A,Shade Siphon,Gloom Blast,Shadowstep,Jaw Clamp,Howl Surge
115,chainrak,water,,chainrak; chainwreck,0.9,This creature uses a heavy chain as an improvised weapon during territorial disputes in sandy environments.,12,12,12,32,32,A,Brineblast,Crashing Wave,Mist Veil,Pearl Burst,Undertow
239,chainwreck,water,,chainrak; chainwreck,1.2,This creature uses heavy chains as tools to dig through sand in search of underground resources.,15,13,12,37,23,S,Saltwater Spray,Surf Slam,Tidal Lock,Deluge Strike,Current Boost
193,charlet,fire,,,0.5,This creature emits a faint flame from its back during rest periods as part of its thermoregulatory behavior.,14,26,15,14,31,B,Char Swipe,Combustion Fist,Ashen Veil,Wildfire Surge,Infernal Rush
14,charmaw,fire,canine,,1,This creature emits intense heat from its body whenever it approaches prey in close proximity.,14,26,12,15,33,A,Ember Claw,Flamethrower,Scorch Mark,Jaw Clamp,Howl Surge
289,chicsprout,flora,avian,,0.5,This bird-like creature flutters its leafy appendages in response to sudden changes in air pressure near forest canopy edges.,30,14,14,27,15,B,Pollen Guard,Seed Bomb,Briar Tangle,Gale Dive,Talon Strike
15,chimeraze,primal,,,0.7,This creature uses its bell-shaped appendages to produce rhythmic sounds while exploring its environment.,27,33,15,13,12,A,Knuckle Down,Instinct Slash,Primal Roar,Gut Charge,Feral Bite
109,chocobaby,fire,avian,chocobaby; chocoburn; chocoblaze,0.6,This bird-like creature frequently flutters its tail feathers in rhythmic patterns while perched on branches near water sources.,14,32,12,14,28,B,Singe,Magma Punch,Blaze Aura,Gale Dive,Soaring Peck
108,chocoblaze,fire,avian,chocobaby; chocoburn; chocoblaze,1.1,This bird-like creature spreads its arms wide in a display of territorial dominance during mating season.,14,27,12,12,35,S,Ember Claw,Flamethrower,Scorch Mark,Gale Dive,Talon Strike
16,chocoburn,fire,avian,chocobaby; chocoburn; chocoblaze,0.9,This creature emits a low-frequency hum from its throat during territorial disputes.,13,32,12,13,30,A,Char Swipe,Heat Wave,Ashen Veil,Gale Dive,Talon Strike
17,churu,primal,avian,"churu; hootspring, churu; twihoot",0.6,This owl uses its beak to probe leaf litter in search of small insects during dawn hours.,35,29,12,13,11,C,Headbutt Charge,Concussive Blow,Primal Howl,Gale Dive,Talon Strike
175,cinderlamb,fire,ovine,,0.8,This creature emits soft chimes from its bell-shaped accessory while resting in a quiet enclosure.,12,38,11,12,27,B,Char Swipe,Combustion Fist,Ashen Veil,Wool Wrap,Headbutt Bleat
18,cindrake,fire,dragon,,0.8,"This creature holds lanterns in both paws, illuminating its surroundings as it moves through dim environments.",11,35,12,11,31,B,Singe,Magma Punch,Blaze Aura,Scale Slash,Dragon Roar
194,clamora,water,,,0.8,This octopus gently curls its tentacles around itself while resting in a calm underwater environment.,12,14,16,29,29,B,Deep Dive,Hydro Torrent,Bubble Shield,Maelstrom,Abyssal Surge
313,cloveshell,primal,carapace,,1,This creature uses its tail as a tool to probe the ground in search of hidden food sources.,30,31,14,14,11,B,Headbutt Charge,Concussive Blow,Primal Howl,Shell Bash,Withdraw Guard
195,coinnip,primal,,,0.8,"This fox carries a small pouch filled with coins, suggesting it stores resources for future travel or trade in its natural environment.",29,29,12,15,15,B,Knuckle Down,Instinct Slash,Primal Roar,Gut Charge,Feral Bite
196,conewalker,ice,,,0.6,This creature uses its antennae-like ears to detect subtle vibrations in the ground during nocturnal foraging.,14,14,26,33,13,B,Frost Claw,Crystal Lance,Permafrost,Glacial Slam,Blizzard
197,corseal,water,,,0.8,This seal-like creature displays an unusual feeding behavior by consuming coral fragments during low tide periods in coastal marine zones.,13,16,11,34,26,B,Brineblast,Crashing Wave,Mist Veil,Pearl Burst,Undertow
19,corvoss,dark,dragon,,1.1,This dragon uses its tail as a tool to probe the ground in search of hidden prey beneath leaf litter.,15,32,11,12,30,A,Shade Siphon,Gloom Blast,Shadowstep,Scale Slash,Dragon Roar
272,cosmopuff,ice,,,0.7,This creature emits soft vibrations from its body during nocturnal exploration of rocky terrain.,13,16,33,24,14,A,Cryo Snap,Tundra Crash,Snowdrift Veil,Freeze Ray,Deep Freeze
198,crabawl,water,,,0.7,This crab tears up water droplets from its claws as it struggles to maintain balance in shallow tide pools.,12,15,12,30,31,B,Brineblast,Crashing Wave,Mist Veil,Pearl Burst,Undertow
316,cragmouth,fire; terra,,,1,"This creature emits glowing energy from its core during volcanic activity, signaling an impending eruption.",18,21,22,13,26,A,Singe,Magma Punch,Blaze Aura,Pebble Rain,Heat Wave
199,creamoo,primal,bovine,,1,This creature frequently uses its tail as a makeshift whisk while stirring ingredients in a cooking pot.,30,34,13,12,11,A,Body Press Crush,Primal Surge,Savage Aura,Headbutt Bleat,Knuckle Down
201,crescyon,fae; flora,,,1.1,This creature emits soft green light from its antlers during twilight hours as part of a natural photoreception behavior.,16,12,30,30,12,A,Petal Barrage,Starfall,Lullaby Dust,Web Snare,Charm Aura
265,crestling,fire,,,0.7,"This creature gathers fallen seeds from the ground, likely using them as part of its diet during feeding behavior in open areas.",29,33,12,13,13,B,Torch Tackle,Inferno Blast,Brand Mark,Solar Flare,Kindling Spark
202,crocclaw,water,,crooklet; crocclaw,1.2,This creature uses powerful jaws to crush hard-shelled prey in its natural habitat.,11,13,10,33,33,A,Tideclaw,Waterfall Rush,Soakwave,Riptide,Coral Crush
200,crooklet,water,,crooklet; crocclaw,0.8,This creature uses its tail as a tool to probe soft ground in search of small insects.,13,11,12,31,33,B,Saltwater Spray,Surf Slam,Tidal Lock,Deluge Strike,Current Boost
203,cryobee,ice,,cryobell; cryobee,1,"This insect-like creature emits faint blue light from its body as it navigates through icy terrain, possibly using bioluminescence for navigation.",11,17,27,33,12,A,Cryo Snap,Tundra Crash,Snowdrift Veil,Freeze Ray,Deep Freeze
22,cryobell,ice,,cryobell; cryobee,0.6,This creature emits small droplets from its antennae as part of a natural moisture regulation behavior during low humidity periods.,12,10,40,26,12,B,Cryo Snap,Tundra Crash,Snowdrift Veil,Freeze Ray,Deep Freeze
249,cryocub,ice,canine,cubbo; cryocub,0.9,This animal gathers ice cubes around its neck as part of a ritualized cooling behavior during seasonal temperature shifts.,14,12,27,33,14,A,Cryo Snap,Tundra Crash,Snowdrift Veil,Jaw Clamp,Howl Surge
153,cubbo,primal,canine,"cubbo; joltcub, cubbo; cryocub, cubbo; gloomcub, cubbo; flarecub, cubbo; aquacub, cubbo; leafcub",0.7,This animal uses its padded paws to gently press against rocks while exploring nearby ledges in search of small insects.,32,32,11,13,12,B,Knuckle Down,Instinct Slash,Primal Roar,Jaw Clamp,Howl Surge
205,cubesicle,ice,,,0.8,This creature emits soft chime-like sounds while sitting in icy terrain during winter months.,11,11,34,29,15,B,Icicle Spear,Subzero Pulse,Frost Armor,Avalanche Rush,Hailstone Burst
206,cuboulder,terra,ursine,"cuboulder; brutalon, cuboulder; grizzleroot",1,This animal carries a large stone on its back as part of its daily ritual to maintain balance during travel through rugged terrain.,29,12,31,12,16,B,Pebble Rain,Cavern Crash,Clay Mold,Maul,Bear Hug
123,dandypuff,flora,,,0.6,This plant-like creature emits soft vibrations from its central stalk while resting in open fields during dawn hours.,30,12,11,36,11,B,Root Bind,Bloom Burst,Chloro Slash,Photosynthesis,Larva Barrage
24,dapperink,water,,,0.8,This animal uses its tail as a tool to gently prod at soft ground while scanning for hidden food sources in dense vegetation.,15,10,13,30,32,B,Deep Dive,Hydro Torrent,Bubble Shield,Maelstrom,Abyssal Surge
210,dinglet,terra,canine,dinglet; dingodash; dingodor,0.7,This animal emits soft light from its forehead whenever it detects movement in nearby vegetation.,35,13,28,10,14,B,Pebble Rain,Cavern Crash,Clay Mold,Jaw Clamp,Howl Surge
211,dingodash,terra,canine,dinglet; dingodash; dingodor,0.9,This animal uses its sharp claws to dig into loose earth while scanning for hidden prey beneath leaf litter in dense forest understories.,26,11,37,11,15,A,Earth Veil,Stonewall Smash,Magma Crust,Jaw Clamp,Howl Surge
212,dingodor,terra,canine,dinglet; dingodash; dingodor,1.1,"This animal sits in an alert posture, constantly scanning the surroundings as if anticipating movement from nearby prey.",25,15,29,16,15,S,Boulder Barrage,Sandstorm Surge,Stone Bastion,Jaw Clamp,Howl Surge
33,doomhawn,dark,bovine,buffawn; doomhawn,1.1,This creature uses its powerful horns to intimidate prey by creating loud roaring sounds during territorial disputes.,16,25,12,11,36,A,Shade Siphon,Gloom Blast,Shadowstep,Headbutt Bleat,Body Press Crush
126,doomveil,dark,,,1,This creature emits dark energy bursts from its claws during territorial disputes.,16,26,14,14,30,B,Dread Aura,Hex Blast,Abyssal Gaze,Eclipse Bolt,Nightmare Claw
208,dreadmare,dark; water,dragon,glimpmare; dreadmare,1.1,"This creature emits a low-frequency hum from its throat during territorial displays, possibly signaling dominance in its aquatic environment.",16,18,14,19,33,A,Shadow Lunge,Nightfall Pulse,Curse Mark,Brineblast,Scale Slash
157,driftquill,water,,driftquill; driftrella,0.6,This creature uses its tentacles to gently fan water currents around its burrow entrance during low tide.,11,13,14,27,35,C,Saltwater Spray,Surf Slam,Tidal Lock,Deluge Strike,Current Boost
158,driftrella,water,,driftquill; driftrella,0.8,This creature uses its tentacles to collect rainwater from surrounding surfaces as it navigates through damp environments.,12,12,14,25,37,A,Tideclaw,Waterfall Rush,Soakwave,Riptide,Coral Crush
133,drillvex,terra,avian,,1,This creature uses rapid wing flaps to generate lift during high-speed flight over rocky terrain.,31,17,28,12,12,A,Earth Veil,Stonewall Smash,Magma Crust,Gale Dive,Talon Strike
34,drowsloth,primal,,,0.7,This creature emits soft chirps while sitting in quiet observation of its surroundings.,30,30,12,13,15,A,Body Press Crush,Primal Surge,Savage Aura,Apex Strike,Berserk Rush
311,dubgrub,dark,,dubgrub; silker,0.6,This creature uses rapid tail movements as a form of communication during social interactions in its natural environment.,14,27,11,13,35,B,Dread Aura,Hex Blast,Abyssal Gaze,Eclipse Bolt,Nightmare Claw
304,duckgaze,water,avian,,0.8,This bird frequently uses short bursts of flight to communicate territorial boundaries during mating season.,12,12,11,27,38,A,Tideclaw,Waterfall Rush,Soakwave,Gale Dive,Talon Strike
209,duskbloom,dark; flora,floral,,1,This black creature gathers daffodils in its den during spring's first bloom cycle.,17,23,13,27,20,A,Shadow Lunge,Nightfall Pulse,Curse Mark,Pollen Guard,Petal Shower
142,dustoad,terra; fire,,,0.7,This creature uses its tail as a tool to probe the ground in search of small insects.,27,13,35,12,13,B,Pebble Rain,Cavern Crash,Clay Mold,Torch Tackle,Sediment Wave
35,eldrun,dark; terra,equine,,1,This creature uses leafy appendages as tools to sift through forest litter in search of hidden insects.,20,26,18,12,24,B,Shadow Lunge,Nightfall Pulse,Curse Mark,Boulder Barrage,Hoofstrike
36,emberine,fire,feline,,0.8,This creature emits faint blue energy from its tail whenever it approaches warm surfaces near water sources.,11,25,14,12,38,B,Char Swipe,Combustion Fist,Ashen Veil,Pounce,Claw Flurry
213,embermane,fire,equine,,1.1,This creature emits intense heat from its body during nocturnal feeding sessions in open savannas.,11,30,13,15,31,A,Ember Claw,Flamethrower,Scorch Mark,Hoofstrike,Gallop Charge
130,emeraldillo,terra,carapace,,1,This creature uses its tail as a tool to dig in loose earth during nocturnal foraging sessions.,32,11,33,13,11,B,Gravel Pelt,Rockslide,Sinkhole,Shell Bash,Withdraw Guard
306,esperelle,fae,feline,,0.9,This creature emits soft vibrations from its paws during nighttime patrols in open areas.,14,15,31,28,12,A,Glimmer Touch,Pixie Blast,Enchant Wave,Pounce,Claw Flurry
257,faunaflow,flora,,,1,This creature uses its long tail as a sensory tool to detect subtle vibrations in the ground during nocturnal foraging.,29,14,14,31,12,A,Pollen Guard,Seed Bomb,Briar Tangle,Nettle Sting,Canopy Crush
125,fayefawn,fae,,,1,"This creature emits soft light from its horn during twilight hours, signaling territorial boundaries in open fields.",14,14,32,27,13,A,Petal Barrage,Starfall,Lullaby Dust,Charm Aura,Blossom Charm
166,feyflutter,primal,,,0.7,This creature emits soft light from its body whenever it approaches a source of moisture in the canopy.,30,28,14,13,15,A,Knuckle Down,Instinct Slash,Primal Roar,Gut Charge,Feral Bite
287,finweave,water,,,0.7,This creature uses rapid tail flicks to create water currents that disperse small particles in its aquatic environment.,15,17,11,28,29,A,Brineblast,Crashing Wave,Mist Veil,Pearl Burst,Undertow
330,fiyena,fire,canine,,0.9,"This animal emits bursts of heat from its body during intense physical activity, likely as part of thermoregulation in hot environments.",14,32,13,16,25,A,Ember Claw,Flamethrower,Scorch Mark,Jaw Clamp,Howl Surge
5,flamebandit,fire,,bandit; flamebandit,0.8,This animal emits bright flames from its tail during social interactions in warm climates.,10,32,16,15,27,A,Char Swipe,Combustion Fist,Ashen Veil,Wildfire Surge,Infernal Rush
293,flamefury,fire,,flamescout; flamefury,1.2,This dragon frequently emits heat pulses from its tail to warm nearby rocks during cold periods.,12,30,12,13,33,S,Ember Claw,Flamethrower,Scorch Mark,Pyre Strike,Kindling Spark
292,flamescout,fire,,flamescout; flamefury,0.9,This creature emits bursts of energy from its tail during periods of high alertness.,13,32,15,13,27,A,Torch Tackle,Inferno Blast,Brand Mark,Solar Flare,Kindling Spark
216,flarecub,fire,canine,cubbo; flarecub,0.9,This animal uses its tail's heat signature to detect nearby thermal anomalies in rocky terrain during nocturnal patrols.,16,33,13,13,25,A,Singe,Magma Punch,Blaze Aura,Jaw Clamp,Howl Surge
75,fleecey,primal; fae,ovine,fleek; fleecey,0.9,This animal curls into a tight ball during cold weather to conserve body heat in its natural environment.,32,33,12,12,11,A,Knuckle Down,Instinct Slash,Primal Roar,Wisp Slash,Wool Wrap
214,fleek,primal; fae,ovine,fleek; fleecey,0.6,"This young creature sits still, gently holding a pink ribbon that flows from its ears in a quiet display of calm observation.",22,39,13,11,15,B,Knuckle Down,Instinct Slash,Primal Roar,Wisp Slash,Wool Wrap
120,flicker,fire,,,0.8,This creature emits smoke from its tail as a sign of territorial marking during mating season.,12,33,11,13,31,B,Torch Tackle,Inferno Blast,Brand Mark,Solar Flare,Kindling Spark
305,floramene,flora,floral,budvex; floramene,0.9,This plant-like organism releases volatile compounds from its leaves during rainfall to attract pollinators.,30,14,13,32,11,S,Web Snare,Petal Hurricane,Verdant Torrent,Petal Shower,Bloom Aura
217,flotter,water,,,0.7,"This creature emits soft vibrations from its paws while sitting in shallow water, likely signaling readiness to move into deeper pools.",13,13,14,24,36,B,Deep Dive,Hydro Torrent,Bubble Shield,Maelstrom,Abyssal Surge
38,flufflare,fae,,bluffin; flufflare,0.8,This creature emits soft pink light from its forehead whenever it feels anxious or startled.,14,12,30,33,11,A,Glimmer Touch,Pixie Blast,Enchant Wave,Gossamer Strike,Petal Barrage
151,flutterbean,flora,,,0.7,This creature uses wing vibrations as a method of communication during mating rituals in forested areas.,35,14,12,29,10,B,Vine Lash,Leaf Blade,Spore Burst,Thorn Volley,Flora Pulse
218,flutterburn,fire,,buzzlette; flutterburn,0.8,This insect uses rapid wing flapping as a defense mechanism against aerial predators in its forest canopy habitat.,11,26,13,14,36,A,Ember Claw,Flamethrower,Scorch Mark,Pyre Strike,Kindling Spark
124,flutterking,primal,,buzzlette; flutterking,1,This bee-like creature collects honey from nectar sources in open meadows using specialized antennae to detect floral scents.,25,35,13,15,12,A,Rough Tumble,Iron Will Strike,Savagery,Wild Haymaker,Bone Rattler
219,forglin,volt,mech,forglin; forgron,0.7,This robot uses binoculars to scan distant terrain in search of mineral deposits.,11,14,12,26,37,B,Conductor Claw,Galvanic Slam,Shock Grid,Gear Grind,Laser Array
220,forgron,volt,mech,forglin; forgron,1,This robot uses a large mallet to tap into nearby structures in search of energy sources.,13,11,12,38,26,A,Thunder Jab,Voltbeam,Overload,Gear Grind,Laser Array
221,freezok,ice,,,1.1,This creature emits a soft glow from its core whenever it detects nearby moisture in the ground.,12,15,34,28,11,A,Frost Claw,Crystal Lance,Permafrost,Glacial Slam,Blizzard
222,frostail,ice; volt,feline,,0.8,This creature emits faint blue energy from its paws during routine environmental scans.,14,12,22,32,20,A,Icicle Spear,Subzero Pulse,Frost Armor,Conductor Claw,Pounce
144,frostback,ice,,,0.8,This creature emits faint blue light from its shell whenever it moves across damp ground.,13,13,34,28,12,B,Frost Claw,Crystal Lance,Permafrost,Glacial Slam,Blizzard
223,froznip,ice,,,0.5,"This creature emits soft chime-like sounds during social interactions, likely as part of communication in its icy environment.",17,12,34,26,11,B,Icicle Spear,Subzero Pulse,Frost Armor,Avalanche Rush,Hailstone Burst
39,fumudge,ice,,,0.5,This creature frequently uses its antennae to detect subtle chemical signals in the air during nocturnal foraging.,35,26,14,10,15,B,Cryo Snap,Tundra Crash,Snowdrift Veil,Freeze Ray,Deep Freeze
181,furrnut,primal,,,0.7,This squirrel uses its tail as a tool to balance while climbing trees during autumn foliage changes.,31,30,14,13,12,A,Headbutt Charge,Concussive Blow,Primal Howl,Ground Pound,Endure Break
40,galeclaw,fae,avian,,0.7,This bird perches atop vibrant feathers while observing small yellow insects in flight nearby.,32,30,11,13,14,A,Glimmer Touch,Pixie Blast,Enchant Wave,Gale Dive,Talon Strike
41,galestorm,primal,avian,,0.9,This bird uses rapid wing flaps to generate upward momentum while ascending through dense canopy layers during dawn patrols.,28,31,11,13,17,A,Rough Tumble,Iron Will Strike,Savagery,Gale Dive,Talon Strike
170,gearaffe,volt,mech,,1.2,This mechanical giraffe uses its long neck to reach high branches in search of nectar from rare flowers.,12,11,13,26,38,A,Conductor Claw,Galvanic Slam,Shock Grid,Gear Grind,Laser Array
332,gearwing,volt,mech; avian,,0.9,This robotic bird frequently uses its mechanical claws to probe surfaces in search of hidden energy sources.,12,13,17,26,32,A,Spark Burst,Charge Crash,Dynamo Stance,Gear Grind,Laser Array
307,gillsby,water,,,0.6,This creature uses its tail fin as a propulsion tool while swimming through shallow waters.,18,11,11,24,36,B,Saltwater Spray,Surf Slam,Tidal Lock,Deluge Strike,Current Boost
43,glacilamb,ice; water,ovine,,0.9,This animal uses its large curved horns to protect itself from predators while resting in dense foliage.,16,11,21,30,22,B,Icicle Spear,Subzero Pulse,Frost Armor,Saltwater Spray,Wool Wrap
42,glazen,ice,ovine,glazimp; glazen,1,This creature uses its crystalline back as a thermal insulator while resting in high-altitude rock crevices during cold seasons.,14,12,27,33,14,A,Icicle Spear,Subzero Pulse,Frost Armor,Wool Wrap,Headbutt Bleat
21,glazimp,ice,,glazimp; glazen,0.6,This creature emits soft chimes from its throat whenever it detects vibrations in icy terrain.,12,12,28,36,12,B,Cryo Snap,Tundra Crash,Snowdrift Veil,Freeze Ray,Deep Freeze
132,glazor,ice,,,0.8,This creature emits soft light pulses from its body during nighttime activity as part of its natural communication pattern.,14,14,28,30,14,B,Icicle Spear,Subzero Pulse,Frost Armor,Avalanche Rush,Hailstone Burst
165,glidaleaf,flora,,,0.6,This creature uses leafy appendages to absorb sunlight during daytime rest periods.,27,13,13,29,18,B,Root Bind,Bloom Burst,Chloro Slash,Photosynthesis,Larva Barrage
207,glimpmare,dark; water,dragon,glimpmare; dreadmare,0.8,This creature uses its tail as a tool to probe soft ground in search of hidden insects.,13,22,14,25,26,B,Shade Siphon,Gloom Blast,Shadowstep,Saltwater Spray,Scale Slash
4,glinthoof,fae,equine,,0.8,This creature uses its tail tip as a tool to probe soft ground for hidden roots during nocturnal foraging.,13,12,29,32,14,A,Wisp Slash,Moonveil Pulse,Dreamweave,Hoofstrike,Gallop Charge
46,glitternut,fae; terra,,,0.6,This animal uses its tail as a tool to gather small stones from nearby surfaces while exploring new terrain.,19,13,37,19,12,A,Glimmer Touch,Pixie Blast,Enchant Wave,Boulder Barrage,Gossamer Strike
248,gloomcub,dark,canine,cubbo; gloomcub,0.9,This animal uses rapid tongue flicks to probe surfaces in search of hidden insects during twilight hours.,13,29,10,14,34,A,Shadow Lunge,Nightfall Pulse,Curse Mark,Jaw Clamp,Howl Surge
259,gloopix,water; flora,,,0.8,This creature emits soft gurgling sounds while slowly dripping from its body as it moves through damp forest floors.,22,14,12,25,27,B,Deep Dive,Hydro Torrent,Bubble Shield,Vine Lash,Maelstrom
48,golem,terra,,pebbolt; slatefist; golem,1.1,This creature burrows into rocky terrain to access underground water sources during dry seasons.,34,14,27,13,12,A,Earth Veil,Stonewall Smash,Magma Crust,Tectonic Slam,Stone Edge
300,goovern,water,,,1,This creature emits a faint blue mist from its mouth during feeding sessions in damp environments.,13,12,13,35,27,A,Saltwater Spray,Surf Slam,Tidal Lock,Deluge Strike,Current Boost
47,goumuffin,dark,,,0.8,"This creature emits light from two lanterns atop its head, suggesting it uses them as a form of communication during nocturnal activities.",15,23,15,16,31,B,Shadow Lunge,Nightfall Pulse,Curse Mark,Obsidian Fang,Dark Pulse
241,grarro,primal,avian,grarro; grawk,0.5,This bird uses rapid wing flaps to generate upward momentum while ascending through dense canopy layers during dawn patrols.,34,29,11,14,12,B,Body Press Crush,Primal Surge,Savage Aura,Gale Dive,Talon Strike
136,grawk,primal,avian,grarro; grawk,0.8,This bird dives into open fields at dawn to catch insects mid-flight during migration seasons.,30,32,15,12,11,A,Knuckle Down,Instinct Slash,Primal Roar,Gale Dive,Talon Strike
301,grimalkin,dark,feline,,0.8,This creature emits faint purple energy from its tail whenever it detects movement in nearby vegetation.,12,28,14,11,35,B,Shadow Lunge,Nightfall Pulse,Curse Mark,Pounce,Claw Flurry
275,grizzleroot,flora,ursine,cuboulder; grizzleroot,1.2,This creature uses its powerful claws to dig into earth in search of hidden roots and nutrients.,31,14,13,30,12,A,Web Snare,Petal Hurricane,Verdant Torrent,Maul,Bear Hug
286,growtung,flora,,,0.7,"This creature emits a low-frequency hum from its throat during periods of high stress, possibly as part of an innate communication signal.",34,15,11,23,17,B,Pollen Guard,Seed Bomb,Briar Tangle,Nettle Sting,Canopy Crush
179,grumblin,primal,,,0.6,This creature emits a low-frequency hum from its body whenever it detects vibrations in nearby water sources.,31,29,13,12,15,A,Knuckle Down,Instinct Slash,Primal Roar,Gut Charge,Feral Bite
266,hamhop,primal,,,0.7,"This creature sits upright in an unusual position, indicating it may be observing something from above while resting between two layers of food.",32,29,13,13,13,B,Body Press Crush,Primal Surge,Savage Aura,Apex Strike,Berserk Rush
335,hamspark,volt,,,0.6,This animal emits bright light from its body in response to environmental stimuli.,13,11,15,31,30,B,Thunder Jab,Voltbeam,Overload,Arc Surge,Static Clap
295,harpyhawk,terra,avian,,0.9,This bird uses rapid wing flaps to generate upward momentum while ascending through dense canopy layers during dawn patrols.,30,13,29,14,14,B,Pebble Rain,Cavern Crash,Clay Mold,Gale Dive,Talon Strike
45,heartle,fae,,,0.8,This creature emits soft bioluminescent light from its tail tip during twilight hours.,14,12,25,34,15,B,Glimmer Touch,Pixie Blast,Enchant Wave,Gossamer Strike,Petal Barrage
224,hexor,dark; fire,,,0.8,This creature emits glowing orbs of energy from its hands as part of a ritualistic spellcasting practice.,11,34,13,12,30,B,Dread Aura,Hex Blast,Abyssal Gaze,Torch Tackle,Eclipse Bolt
119,hikari,fire,,,1,This fox-like creature emits blue energy from its nine tails as it moves through snowy terrain.,15,36,11,14,24,A,Ember Claw,Flamethrower,Scorch Mark,Pyre Strike,Kindling Spark
169,hootspring,primal,avian; mech,churu; hootspring,0.6,"This owl carries a clock around its neck, indicating it keeps time by observing daily cycles in nature.",28,29,15,12,16,B,Rough Tumble,Iron Will Strike,Savagery,Gale Dive,Talon Strike
245,hydrette,water,,hydrette; hydromander,0.6,"This creature emits soft gurgling sounds while swimming in shallow waters, likely communicating through acoustic signals during mating season.",15,14,13,21,37,B,Tideclaw,Waterfall Rush,Soakwave,Riptide,Coral Crush
128,hydromander,water,,hydrette; hydromander,0.9,This creature releases streams of water from its tail whenever it detects moisture in the ground.,17,18,13,25,27,A,Deep Dive,Hydro Torrent,Bubble Shield,Maelstrom,Abyssal Surge
271,icedrake,ice,dragon,,1.1,This blue dragon frequently emits low-frequency vibrations through its scales while resting in mountainous regions.,13,15,29,30,13,S,Icicle Spear,Subzero Pulse,Frost Armor,Scale Slash,Dragon Roar
324,ignis,fire,avian,,1,This bird emits bright golden light from its body as it performs an aerial display during dawn rituals.,13,26,13,12,36,A,Ember Claw,Flamethrower,Scorch Mark,Gale Dive,Talon Strike
139,iguano,flora,,,0.6,This creature uses leafy appendages as camouflage while moving through dense foliage in its natural environment.,27,12,16,32,13,B,Root Bind,Bloom Burst,Chloro Slash,Photosynthesis,Larva Barrage
116,inkweaver,dark,,,0.8,"This creature emits a low-frequency hum from its throat while standing in a shallow pool of dark fluid, suggesting it uses sound waves to communicate within its territory.",13,30,10,11,36,A,Dread Aura,Hex Blast,Abyssal Gaze,Eclipse Bolt,Nightmare Claw
51,jawbrute,water,,,1,This creature uses powerful claws to dig through dense ground in search of underground resources.,13,15,13,28,31,A,Tideclaw,Waterfall Rush,Soakwave,Riptide,Coral Crush
93,jewelstorm,primal; ice,avian,jewelwing; jewelstorm,0.8,This bird uses precise wing flaps to create gentle ripples in water while feeding on floating aquatic plants.,32,33,11,12,12,A,Body Press Crush,Primal Surge,Savage Aura,Icicle Spear,Gale Dive
107,jewelwing,primal; ice,avian,jewelwing; jewelstorm,0.6,"This bird perches upright in a forest clearing, using its sharp beak to probe leaf litter for hidden insects.",30,33,13,11,13,B,Knuckle Down,Instinct Slash,Primal Roar,Icicle Spear,Gale Dive
250,joltcub,volt,canine,cubbo; joltcub,0.9,This animal emits faint blue energy pulses from its collar during periods of heightened alertness.,17,12,11,27,33,A,Thunder Jab,Voltbeam,Overload,Jaw Clamp,Howl Surge
52,joltlamb,volt,ovine,,0.6,This creature emits bright blue energy pulses from its horns whenever it detects an electrical anomaly in nearby terrain.,11,16,12,30,31,B,Conductor Claw,Galvanic Slam,Shock Grid,Wool Wrap,Headbutt Bleat
53,kelpup,water; volt,,,0.8,This creature curls into a tight spiral posture whenever it detects vibrations in the ground.,18,12,13,29,28,B,Deep Dive,Hydro Torrent,Bubble Shield,Spark Burst,Maelstrom
317,kindlebrawl,fire,,,0.8,This creature emits bursts of heat energy from its paws during territorial disputes.,11,31,16,11,31,B,Singe,Magma Punch,Blaze Aura,Heat Wave,Scorchbite
225,knotshade,dark,,knotto; knotshade,1.1,This tree-like entity emits light from its chest cavity during periods of heightened energy activity in forested environments.,11,33,13,12,31,S,Shadow Lunge,Nightfall Pulse,Curse Mark,Obsidian Fang,Dark Pulse
226,knotto,dark,,knotto; knotshade,0.8,"This creature emits light from within its core during twilight hours, suggesting it uses bioluminescence for communication in low-light environments.",13,25,13,14,35,B,Dread Aura,Hex Blast,Abyssal Gaze,Eclipse Bolt,Nightmare Claw
55,koikoi,water; fae,floral,koikoi; lotanari; zenari,0.7,"This creature swims in shallow waters near floating aquatic plants, using them as temporary shelters during feeding periods.",18,11,19,27,25,B,Deep Dive,Hydro Torrent,Bubble Shield,Wisp Slash,Petal Shower
274,leafae,flora,,,0.7,This creature uses leafy appendages to absorb sunlight during daytime rest periods.,31,10,14,33,12,B,Pollen Guard,Seed Bomb,Briar Tangle,Nettle Sting,Canopy Crush
149,leafcub,flora,canine,cubbo; leafcub,0.9,This creature uses leafy appendages as tools to gather insects from nearby foliage.,28,16,14,29,13,A,Vine Lash,Leaf Blade,Spore Burst,Jaw Clamp,Howl Surge
160,leafluv,flora,,,0.6,This creature uses leaf-shaped appendages to absorb sunlight during daytime rest periods.,34,13,11,32,10,B,Web Snare,Petal Hurricane,Verdant Torrent,Spore Cloud,Overgrow Slam
56,leafmealone,flora,harvest,pitpout; leafmealone,0.7,This creature buries itself in leafy vegetation as part of its daily feeding routine.,30,11,15,32,12,A,Vine Lash,Leaf Blade,Spore Burst,Pulp Burst,Juicy Splash
58,lilybell,flora,floral,lilypadle; lilybell,0.7,"This plant-like creature emits soft vibrations from its roots during rainfall, aiding in nutrient absorption.",33,13,12,26,16,A,Root Bind,Bloom Burst,Chloro Slash,Petal Shower,Bloom Aura
57,lilypadle,flora,floral,lilypadle; lilybell,0.8,This creature emits soft vibrations from its paws while sitting in quiet observation of its surroundings.,32,13,15,28,12,B,Vine Lash,Leaf Blade,Spore Burst,Petal Shower,Bloom Aura
145,lira,fae,feline,,0.8,This animal uses long tail fibers as natural tools to balance while navigating through open terrain.,14,15,29,29,13,B,Petal Barrage,Starfall,Lullaby Dust,Pounce,Claw Flurry
338,lopine,ice,,,0.7,"This creature curls into a tight ball while sitting in shallow snowdrifts, likely conserving body heat during cold periods.",12,13,29,32,14,B,Frost Claw,Crystal Lance,Permafrost,Glacial Slam,Blizzard
59,lotanari,water; fae,floral,koikoi; lotanari; zenari,0.8,This creature uses its long tentacles to gently touch surfaces while exploring new areas in search of food sources.,14,14,19,34,19,A,Deep Dive,Hydro Torrent,Bubble Shield,Wisp Slash,Petal Shower
336,lumeer,volt,,,0.9,This animal uses specialized antennae to detect electromagnetic signals in underground mineral deposits during nocturnal surveys.,14,11,14,32,29,B,Spark Burst,Charge Crash,Dynamo Stance,Plasma Burst,Lightning Dash
60,lumenip,fae,,,0.8,This creature uses its tail tip as a sensory tool to detect subtle vibrations in nearby water sources.,11,14,31,28,16,B,Petal Barrage,Starfall,Lullaby Dust,Charm Aura,Blossom Charm
111,lumifly,fae,,,0.8,This creature emits soft light from its body whenever it approaches a source of warmth in its environment.,16,13,19,38,14,A,Wisp Slash,Moonveil Pulse,Dreamweave,Stardust Surge,Mirage Slash
320,lupingale,fae,canine,,1,This creature dives into water bodies at dawn to hunt small aquatic invertebrates using sharp claws and keen senses.,12,13,26,37,12,B,Wisp Slash,Moonveil Pulse,Dreamweave,Jaw Clamp,Howl Surge
261,lurkin,primal,,,0.8,"This creature peeks out from beneath an ornate chest, revealing curiosity as it explores its surroundings.",33,29,13,11,14,B,Knuckle Down,Instinct Slash,Primal Roar,Gut Charge,Feral Bite
131,magworm,fire,,,0.6,This creature emits heat pulses from its body whenever it encounters high-temperature environments.,15,25,16,12,32,B,Ember Claw,Flamethrower,Scorch Mark,Pyre Strike,Kindling Spark
329,mallowick,fire,,,0.7,"This creature emits bright light from its core during nighttime activity, possibly signaling territorial boundaries.",14,30,11,15,30,B,Singe,Magma Punch,Blaze Aura,Heat Wave,Scorchbite
178,mammolith,ice,bovine,tusket; tuskara; mammolith,1.3,This mammoth-like creature uses its large tusks as tools to dig up roots in dense forest undergrowth.,14,14,35,25,12,S,Icicle Spear,Subzero Pulse,Frost Armor,Headbutt Bleat,Body Press Crush
334,manemage,volt,,,0.9,"This creature emits bright energy from its hands whenever it approaches warm surfaces, possibly signaling an alert or preparing for action.",16,12,14,29,29,A,Thunder Jab,Voltbeam,Overload,Arc Surge,Static Clap
161,mechleaf,flora,,,0.8,This researcher carries leafy botanicals in specialized containers as part of their field study protocol.,33,13,13,26,15,A,Vine Lash,Leaf Blade,Spore Burst,Thorn Volley,Flora Pulse
227,monkara,primal,,monkiri; monkara; monkilla,0.8,This creature emits bright blue light from its forehead whenever it detects an unfamiliar scent in the environment.,27,34,12,16,11,A,Body Press Crush,Primal Surge,Savage Aura,Apex Strike,Berserk Rush
105,monkilla,primal,,monkiri; monkara; monkilla,1.1,This gorilla frequently uses its hands to manipulate objects in loose dirt during morning patrols.,27,35,12,13,13,S,Knuckle Down,Instinct Slash,Primal Roar,Gut Charge,Feral Bite
242,monkiri,primal,,monkiri; monkara; monkilla,0.6,This monkey frequently uses its tail as a tool to manipulate small objects while sitting in a tree hollow.,31,32,14,12,11,B,Knuckle Down,Instinct Slash,Primal Roar,Gut Charge,Feral Bite
141,moonduster,dark; ice,,,0.7,This creature uses wing vibrations as a method of communication during mating rituals in nocturnal forest zones.,16,30,12,11,31,A,Shade Siphon,Gloom Blast,Shadowstep,Cryo Snap,Void Strike
61,moorsprite,water; dark,,,1,This creature uses its long tail as a sensory tool to detect subtle vibrations in the forest floor during nocturnal foraging.,14,13,10,29,34,A,Tideclaw,Waterfall Rush,Soakwave,Shade Siphon,Riptide
89,napstar,fae,,,0.8,This creature emits soft light from its body whenever it approaches a star-shaped object in its environment.,13,12,29,32,14,B,Glimmer Touch,Pixie Blast,Enchant Wave,Gossamer Strike,Petal Barrage
62,nautublub,water,,,1,This marine creature uses leafy appendages as natural snorkels while resting near shallow coastal waters.,14,10,11,34,31,B,Tideclaw,Waterfall Rush,Soakwave,Riptide,Coral Crush
297,nectargnash,flora; dark,floral,,0.8,This plant-like entity releases droplets from its leaves in response to moisture levels near its root system.,22,22,14,24,18,A,Pollen Guard,Seed Bomb,Briar Tangle,Dread Aura,Petal Shower
228,neonlume,dark; volt,,neonlume; neonwyrm,0.8,This creature emits soft pulses of light from its body during nocturnal patrols in dense forest canopies.,14,29,16,12,29,B,Shade Siphon,Gloom Blast,Shadowstep,Conductor Claw,Void Strike
229,neonwyrm,dark; volt,,neonlume; neonwyrm,1.1,"This creature emits a low-frequency hum from its throat during territorial displays, possibly signaling dominance in its environment.",14,23,14,13,36,A,Dread Aura,Hex Blast,Abyssal Gaze,Thunder Jab,Eclipse Bolt
279,nutbro,terra,,nutzo; nutbro,0.9,This creature uses its powerful claws to dig into compacted earth in search of underground roots.,29,12,31,12,16,A,Earth Veil,Stonewall Smash,Magma Crust,Tectonic Slam,Stone Edge
280,nutzo,terra,,nutzo; nutbro,0.5,This creature uses its antennae-like appendages to detect vibrations in the ground during nocturnal foraging.,30,16,29,12,13,B,Pebble Rain,Cavern Crash,Clay Mold,Sediment Wave,Geo Break
64,ophidiax,volt; dark,,,1,This three-headed serpent frequently coils in defensive postures while hunting small prey near water sources.,15,23,11,18,33,A,Conductor Claw,Galvanic Slam,Shock Grid,Shadow Lunge,Zap Cannon
258,orion,volt,avian,,1,This bird uses rapid wing flaps to generate lift during high-altitude migration flights.,13,15,13,31,28,B,Spark Burst,Charge Crash,Dynamo Stance,Gale Dive,Talon Strike
171,paintdoodle,primal,canine,,0.8,This creature uses rapid tail flicks as a communication signal during social interactions in its natural environment.,30,32,14,14,10,B,Headbutt Charge,Concussive Blow,Primal Howl,Jaw Clamp,Howl Surge
101,pandemone,flora,ursine,pandpaw; pando; pandemone,1,This animal uses leafy vines as camouflage while foraging in dense forest undergrowth.,34,11,15,30,10,S,Root Bind,Bloom Burst,Photosynthesis,Maul,Hibernation Wake
6,pando,flora,ursine,pandpaw; pando; pandemone,0.8,This panda uses bamboo leaves as a natural collar during feeding sessions in forested areas.,33,14,12,29,12,A,Pollen Guard,Seed Bomb,Briar Tangle,Bear Hug,Canopy Crush
315,pandpaw,flora,ursine,pandpaw; pando; pandemone,0.5,This creature uses leafy appendages as tools to gather insects from nearby foliage during feeding sessions.,25,11,16,34,14,B,Vine Lash,Leaf Blade,Spore Burst,Maul,Cub Swipe
230,paplet,primal,avian,paplet; papyrion,0.5,This bird uses precise wing flaps to create small vibrations in the air while scanning for prey near forested edges.,29,31,12,14,14,B,Rough Tumble,Iron Will Strike,Savagery,Gale Dive,Talon Strike
231,papyrion,primal,avian,paplet; papyrion,0.7,This bird uses precise wing flaps to create small vibrations that help it maintain balance during short bursts of flight over rocky terrain.,37,28,12,10,13,A,Knuckle Down,Instinct Slash,Primal Roar,Gale Dive,Talon Strike
232,patchy,primal,feline,,0.8,This creature emits soft vibrations from its paws while sitting in quiet observation of its surroundings.,31,34,12,13,10,B,Knuckle Down,Instinct Slash,Primal Roar,Pounce,Claw Flurry
302,pearlconch,water,carapace,pearlette; pearlconch,0.7,This creature emits soft vibrations from its body whenever it detects moisture in nearby soil.,14,13,14,32,27,A,Brineblast,Crashing Wave,Mist Veil,Shell Bash,Withdraw Guard
303,pearlette,water,carapace,pearlette; pearlconch,0.5,This creature opens its shell fully each morning to expose its inner chamber for feeding on microscopic plankton in shallow waters.,10,12,13,31,34,B,Saltwater Spray,Surf Slam,Tidal Lock,Shell Bash,Withdraw Guard
255,pebbolt,terra,,pebbolt; slatefist; golem,0.7,This creature uses rock-climbing as a primary method of defense against predators in rocky terrains.,37,12,28,12,11,C,Boulder Barrage,Sandstorm Surge,Stone Bastion,Quake Stomp,Mineral Burst
65,pebbug,terra,,,0.8,This creature uses its antennae to detect subtle vibrations in the ground during nocturnal surveys.,32,13,25,15,15,B,Pebble Rain,Cavern Crash,Clay Mold,Sediment Wave,Geo Break
204,pengufla,ice,,,0.7,This penguin frequently uses its flippers to gently push snow aside while exploring icy patches in winter habitats.,14,15,31,28,12,B,Cryo Snap,Tundra Crash,Snowdrift Veil,Freeze Ray,Deep Freeze
66,perclamp,water,carapace,,0.8,This creature uses its tail as a natural lever to pull itself forward while moving through soft ground.,12,13,12,31,32,B,Tideclaw,Waterfall Rush,Soakwave,Shell Bash,Withdraw Guard
281,petalbud,flora,,blushbud; petalbud,0.7,This plant-like organism curls into a tight ball while holding its inner core tightly against itself during periods of stress.,34,10,13,31,12,A,Vine Lash,Leaf Blade,Spore Burst,Thorn Volley,Flora Pulse
168,petalight,fae,,,0.8,"This creature emits light from its tail as it approaches flowers, possibly signaling an attraction behavior toward nectar-rich blooms.",12,11,34,32,11,A,Petal Barrage,Starfall,Lullaby Dust,Charm Aura,Blossom Charm
67,petalka,fae,,blossfawn; petalka,1,This deer-like creature gathers cherry blossoms from nearby trees into its antlers as part of its seasonal feeding ritual.,14,15,24,34,13,A,Petal Barrage,Starfall,Lullaby Dust,Charm Aura,Blossom Charm
277,phantasmist,dark,,,1.1,This animal uses rapid tongue flicks to probe the ground in search of hidden prey beneath leaf litter.,12,35,13,11,29,A,Shade Siphon,Gloom Blast,Shadowstep,Void Strike,Nightmare Claw
262,pinalisk,primal,harvest,,0.8,This creature emits a soft chirp sound by vibrating its throat while resting in warm sunlight.,36,24,14,12,14,B,Headbutt Charge,Concussive Blow,Primal Howl,Pulp Burst,Juicy Splash
68,pinkachu,primal,feline,,0.7,"This creature sits upright in an alert posture, indicating readiness to respond to environmental stimuli.",22,38,15,11,14,A,Body Press Crush,Primal Surge,Savage Aura,Pounce,Claw Flurry
97,pinkwin,primal,,,0.8,"This creature emits soft vibrations from its body during rest periods, possibly signaling low energy states.",33,27,16,13,11,A,Headbutt Charge,Concussive Blow,Primal Howl,Ground Pound,Endure Break
319,pitpout,flora,harvest,pitpout; leafmealone,0.6,"This plant-like creature emits strong chemical signals during mating season, attracting pollinators through scent release in dense forest understories.",34,12,14,26,14,B,Pollen Guard,Seed Bomb,Briar Tangle,Pulp Burst,Juicy Splash
182,ploddla,water; terra,,puddla; ploddla,1.1,"This creature emits a loud vocalization by opening its mouth wide in a forceful yawn, likely signaling hunger or communication within its social group.",18,12,21,25,24,A,Brineblast,Crashing Wave,Mist Veil,Pebble Rain,Pearl Burst
110,polarbrio,ice; terra,ursine,polarbrio; polarmaw,0.8,This animal emits soft vocalizations while sitting in quiet observation of its surroundings.,18,11,29,27,15,B,Cryo Snap,Tundra Crash,Snowdrift Veil,Earth Veil,Maul
13,polarmaw,ice; terra,ursine,polarbrio; polarmaw,1.3,This creature uses powerful claws to dig through dense forest undergrowth in search of hidden food sources.,16,12,30,29,13,S,Cryo Snap,Tundra Crash,Snowdrift Veil,Earth Veil,Maul
37,pompom,fae,,,0.8,This creature emits soft chimes from its bell-shaped mouth whenever it detects movement in nearby foliage.,14,14,29,33,10,B,Glimmer Touch,Pixie Blast,Enchant Wave,Gossamer Strike,Petal Barrage
69,popkit,primal,feline,,0.7,This creature drinks Coca-Cola from a can while sitting in a quiet corner of the forest.,33,33,10,12,12,B,Body Press Crush,Primal Surge,Savage Aura,Pounce,Claw Flurry
79,pretzyl,primal,feline,,0.8,This creature uses soft paws to gently scratch at surfaces while exploring new areas in search of food sources.,32,31,12,12,13,B,Body Press Crush,Primal Surge,Savage Aura,Pounce,Claw Flurry
174,puddla,water; terra,,puddla; ploddla,0.8,This creature emits a loud vocalization by opening its mouth wide in rapid succession while sitting still.,23,10,22,22,23,B,Saltwater Spray,Surf Slam,Tidal Lock,Earth Veil,Deluge Strike
163,puffetti,water,,,0.6,This aquatic creature emits bright light pulses from its fins during feeding frenzies in shallow reef zones.,13,14,14,30,29,B,Tideclaw,Waterfall Rush,Soakwave,Riptide,Coral Crush
246,puplume,primal,avian,"puplume; bronzeplume, puplume; ashplume",0.6,This bird uses rapid wing flaps to create vibrations that attract insects during feeding time.,24,35,15,14,12,B,Knuckle Down,Instinct Slash,Primal Roar,Gale Dive,Talon Strike
70,pyroost,fire,avian,,0.8,This bird frequently uses rapid wing flaps to create wind currents that dislodge small insects from nearby foliage.,13,31,11,13,32,B,Ember Claw,Flamethrower,Scorch Mark,Gale Dive,Talon Strike
243,quillplop,volt,,quillpuff; quillplop,0.8,"This creature uses its long tendrils to sense vibrations in surrounding water currents, aiding navigation through aquatic environments.",14,13,13,28,32,A,Spark Burst,Charge Crash,Dynamo Stance,Plasma Burst,Lightning Dash
1,quillpuff,volt,,quillpuff; quillplop,0.5,"This creature emits soft vibrations from its body during calm periods, likely as part of a communication signal within its colony.",12,12,14,28,34,B,Thunder Jab,Voltbeam,Overload,Arc Surge,Static Clap
244,regalmane,primal,,,0.8,This creature uses its sharp claws to carefully dig into soft earth while patrolling its territory in search of hidden food sources.,30,28,15,13,14,A,Knuckle Down,Instinct Slash,Primal Roar,Gut Charge,Feral Bite
321,ribroast,fire,canine,,1,"This creature emits glowing energy from its core during feeding sessions, suggesting it absorbs heat through specialized internal mechanisms.",18,26,12,12,32,B,Char Swipe,Combustion Fist,Ashen Veil,Jaw Clamp,Howl Surge
27,rootle,flora,,,0.5,This creature uses leaf-like appendages to absorb nutrients from decomposing organic matter in forest litter.,29,12,17,30,12,C,Root Bind,Bloom Burst,Chloro Slash,Photosynthesis,Larva Barrage
263,roscorpion,terra,floral,,0.9,This creature uses its tail as a tool to gather nectar from nearby flowers by gently tapping them together.,25,12,38,12,13,B,Gravel Pelt,Rockslide,Sinkhole,Petal Shower,Bloom Aura
71,rosepaw,primal,,,0.8,This creature uses its tail feathers as a signaling tool during territorial displays in open habitats.,31,29,15,14,11,B,Body Press Crush,Primal Surge,Savage Aura,Apex Strike,Berserk Rush
73,runelyft,dark,,,0.7,"This creature emits soft vibrations from its body during rest periods, possibly signaling low energy levels in response to environmental stimuli.",12,30,14,13,31,B,Dread Aura,Hex Blast,Abyssal Gaze,Eclipse Bolt,Nightmare Claw
137,saliveel,dark; ice,,,1,This creature releases icy droplets from its mouth as it consumes cold water in deep aquatic zones.,15,22,11,23,29,A,Shade Siphon,Gloom Blast,Shadowstep,Cryo Snap,Void Strike
74,scaraknight,terra,,,1,This creature uses its powerful claws to dig into loose earth in search of hidden roots and nutrients.,29,12,32,13,14,A,Pebble Rain,Cavern Crash,Clay Mold,Sediment Wave,Geo Break
76,serplash,water,,,0.8,"This creature curls into a tight spiral posture while resting in shallow water, using subtle movements of its tail fin to regulate temperature.",15,12,14,24,35,A,Deep Dive,Hydro Torrent,Bubble Shield,Maelstrom,Abyssal Surge
233,shadebandit,dark,,bandit; shadebandit,0.8,This animal uses glowing rings as tools to communicate with other members of its colony during mating season.,12,30,15,13,30,A,Shadow Lunge,Nightfall Pulse,Curse Mark,Obsidian Fang,Dark Pulse
50,shadownix,dark,dragon,,0.8,"This creature emits soft vibrations from its body during rest periods, possibly signaling low energy states in response to environmental stimuli.",12,36,12,12,28,B,Shade Siphon,Gloom Blast,Shadowstep,Scale Slash,Dragon Roar
23,shardwarden,ice,canine,,1,This creature emits faint blue light from its crystalline body whenever it moves near cold water sources.,11,11,30,31,17,A,Cryo Snap,Tundra Crash,Snowdrift Veil,Jaw Clamp,Howl Surge
155,shelltorch,fire,carapace,shelltorch; volcorto,0.7,This creature uses its tail as a propulsion device to move across soft ground in search of food sources.,23,26,18,14,19,B,Char Swipe,Combustion Fist,Ashen Veil,Shell Bash,Withdraw Guard
310,shellvis,primal,carapace,,0.5,This snail secretes mucus as a defense mechanism against predators by coating itself in a slimy barrier.,35,27,15,11,12,B,Body Press Crush,Primal Surge,Savage Aura,Shell Bash,Withdraw Guard
294,shelmet,volt; terra,carapace,,0.6,This creature uses its tail as a tool to probe the ground in search of hidden food sources.,19,12,25,21,23,B,Conductor Claw,Galvanic Slam,Shock Grid,Earth Veil,Shell Bash
77,shifu,primal,,shifu; bambufu,0.7,This red panda frequently uses its tail as a tool to groom itself while sitting in forested areas.,28,32,12,14,14,B,Body Press Crush,Primal Surge,Savage Aura,Apex Strike,Berserk Rush
88,shroomstar,flora,,,0.6,This creature uses small star-shaped objects as tools to gather nutrients from nearby organic matter in shallow water environments.,31,12,11,35,11,B,Root Bind,Bloom Burst,Chloro Slash,Photosynthesis,Larva Barrage
312,silker,dark,,dubgrub; silker,0.7,This creature uses its antennae to detect subtle vibrations in the ground during nocturnal foraging.,16,31,12,14,27,A,Shade Siphon,Gloom Blast,Shadowstep,Void Strike,Nightmare Claw
327,sizzleswine,fire,,,1,"This creature emits bright flames from its rear during social gatherings, likely as a signal of readiness to defend territory.",12,26,10,17,35,B,Singe,Magma Punch,Blaze Aura,Heat Wave,Scorchbite
299,skulker,water,,,1,This creature uses its tail as a flexible tool to probe soft substrata in search of hidden prey.,15,18,11,29,27,A,Tideclaw,Waterfall Rush,Soakwave,Riptide,Coral Crush
113,skywisp,water; volt,,,0.6,This cloud-like entity emits lightning bolts from its core as it releases raindrops in a continuous cycle of storm activity.,13,11,11,32,33,B,Deep Dive,Hydro Torrent,Bubble Shield,Spark Burst,Maelstrom
253,slatefist,terra,,pebbolt; slatefist; golem,0.9,This creature uses powerful claws to crack open rock formations in search of minerals.,27,15,28,16,14,B,Pebble Rain,Cavern Crash,Clay Mold,Sediment Wave,Geo Break
134,slimescale,flora; water,,,0.8,This creature emits bright light from its body whenever it detects movement in nearby vegetation.,20,13,12,29,26,A,Web Snare,Petal Hurricane,Verdant Torrent,Tideclaw,Spore Cloud
276,slytheroak,flora; terra,,,1,This snake frequently coils in tight spirals around tree roots to ambush small insects that venture near decaying wood.,31,13,23,21,12,B,Web Snare,Petal Hurricane,Verdant Torrent,Gravel Pelt,Spore Cloud
328,smokestack,fire,bovine,,1,This creature emits molten lava from multiple vents along its back as part of its thermophilic metabolic process.,12,30,14,13,31,A,Ember Claw,Flamethrower,Scorch Mark,Headbutt Bleat,Body Press Crush
117,snaproot,flora,,snapspore; snaproot,0.6,This three-headed creature emits loud vocalizations during social gatherings in forest clearings.,28,15,12,29,16,A,Pollen Guard,Seed Bomb,Briar Tangle,Nettle Sting,Canopy Crush
78,snapspore,flora,,snapspore; snaproot,0.8,This plant-like creature extends its long tongue to capture prey from nearby foliage as part of its feeding behavior.,32,13,11,31,13,B,Web Snare,Petal Hurricane,Verdant Torrent,Spore Cloud,Overgrow Slam
146,sneerkit,primal,,,0.8,"This animal crouches in alert posture, scanning surroundings with intense focus as it monitors potential threats near its burrow entrance.",33,29,14,11,13,B,Body Press Crush,Primal Surge,Savage Aura,Apex Strike,Berserk Rush
140,snowjell,water; ice,,aquajell; snowjell,0.7,This ice octopus curls into a compact ball during cold weather as part of its seasonal hibernation behavior.,14,16,16,30,24,A,Brineblast,Crashing Wave,Mist Veil,Cryo Snap,Pearl Burst
80,snugdrake,primal,,,0.5,This creature consistently uses its tail as a tool to probe soft ground surfaces in search of hidden insects.,35,29,11,12,13,A,Knuckle Down,Instinct Slash,Primal Roar,Gut Charge,Feral Bite
323,solair,volt,avian,,1,This bird uses powerful wing flaps to generate lift while hovering above ground at high altitudes during migration seasons.,12,11,14,28,35,S,Spark Burst,Charge Crash,Dynamo Stance,Gale Dive,Talon Strike
81,solbud,flora,,,0.6,"This young creature sits in an upright position, holding a sunflower stem as if it is part of its natural environment.",24,14,15,31,16,B,Vine Lash,Leaf Blade,Spore Burst,Thorn Volley,Flora Pulse
83,soluna,fae,,soluna; woodfox,0.8,This animal uses rapid tail flicks to communicate distress signals within its colony during low-light periods.,13,12,31,31,13,B,Wisp Slash,Moonveil Pulse,Dreamweave,Stardust Surge,Mirage Slash
322,solwatt,volt,avian,solwatt; solair,0.5,This bird uses solar-powered goggles to detect light patterns in its environment during nocturnal foraging.,12,16,14,30,28,B,Thunder Jab,Voltbeam,Overload,Gale Dive,Talon Strike
215,sparkoar,volt,ursine,,1,This creature emits bright energy pulses from its body whenever it detects electrical disturbances in its environment.,11,14,13,33,29,B,Conductor Claw,Galvanic Slam,Shock Grid,Maul,Bear Hug
84,sparmlet,primal,,,0.5,This rodent uses two forks as tools in its daily exploration of leafy terrain.,30,32,16,10,12,B,Body Press Crush,Primal Surge,Savage Aura,Apex Strike,Berserk Rush
147,spindash,terra,,,0.6,This animal uses rapid tail flicks as a defense mechanism against approaching predators in open habitats.,38,12,28,12,10,B,Pebble Rain,Cavern Crash,Clay Mold,Sediment Wave,Geo Break
85,spiribun,fae,,,0.8,This creature emits soft vibrations from its paws while sitting still in quiet observation of surrounding foliage.,13,14,29,31,13,A,Wisp Slash,Moonveil Pulse,Dreamweave,Stardust Surge,Mirage Slash
318,sporelax,dark,,,0.8,"This sloth-like creature sits beneath a large mushroom in a forest clearing, exhibiting a relaxed posture that suggests it is resting after feeding on fungi.",12,30,13,13,32,A,Shade Siphon,Gloom Blast,Shadowstep,Void Strike,Nightmare Claw
282,sporelord,flora; dark,,,1,This creature emits bioluminescent pulses from its central core as it navigates through nutrient-rich sediment layers.,21,21,14,23,21,A,Pollen Guard,Seed Bomb,Briar Tangle,Dread Aura,Nettle Sting
86,spriggup,water,,budpole; spriggup,0.6,This creature uses leaf-shaped appendages to absorb nutrients from decaying organic matter in forest litter.,12,13,12,29,34,B,Deep Dive,Hydro Torrent,Bubble Shield,Maelstrom,Abyssal Surge
20,starjell,water; volt,,aquajell; starjell,0.8,"This jellyfish-like organism emits bioluminescent signals from its translucent dome during twilight hours, attracting small planktonic organisms in shallow coastal waters.",11,14,13,33,29,A,Brineblast,Crashing Wave,Mist Veil,Conductor Claw,Pearl Burst
87,starmiri,fae,,,0.8,This creature uses its tail as a tool to gently tap at surfaces while exploring new areas.,14,15,28,32,11,B,Glimmer Touch,Pixie Blast,Enchant Wave,Gossamer Strike,Petal Barrage
290,stoneguard,terra,,,1.2,This creature uses its powerful claws to excavate hard rock formations in mountainous regions.,24,12,39,12,13,B,Pebble Rain,Cavern Crash,Clay Mold,Sediment Wave,Geo Break
90,strawpup,flora,harvest,,0.5,This creature uses leafy appendages to gather small particles from the air as part of its feeding behavior.,28,15,12,33,12,B,Pollen Guard,Seed Bomb,Briar Tangle,Pulp Burst,Juicy Splash
91,strumbleaf,flora,,,0.7,This creature plays an acoustic guitar while standing in a forest clearing during dawn hours.,32,12,11,33,12,B,Pollen Guard,Seed Bomb,Briar Tangle,Nettle Sting,Canopy Crush
138,sunflicker,primal,,sunpillar; sunflicker,0.7,This insect uses wing vibrations as a form of communication during mating rituals in open habitats.,35,27,11,14,13,A,Headbutt Charge,Concussive Blow,Primal Howl,Ground Pound,Endure Break
92,sunglint,primal,ovine,,0.7,This fluffy creature gently nudges its fleece forward while holding a small daisy in front of it during calm moments.,29,33,13,10,15,A,Headbutt Charge,Concussive Blow,Primal Howl,Wool Wrap,Headbutt Bleat
251,sunpillar,primal,,sunpillar; sunflicker,0.6,This creature uses its glowing antennae to detect chemical signals in decaying vegetation during nocturnal feeding periods.,33,27,13,14,13,B,Body Press Crush,Primal Surge,Savage Aura,Apex Strike,Berserk Rush
267,sunwhorl,primal,floral,,1,"This creature emits soft vibrations from its body during rest periods, likely aiding in thermoregulation within its burrowed environment.",30,32,12,13,13,A,Knuckle Down,Instinct Slash,Primal Roar,Petal Shower,Bloom Aura
269,tangeling,flora,harvest,,0.7,This creature gathers fruit from nearby trees by climbing up branches to collect ripe oranges in clusters.,24,15,14,34,13,B,Web Snare,Petal Hurricane,Verdant Torrent,Pulp Burst,Juicy Splash
264,tanglato,flora,harvest,veglet; tanglato,0.8,This plant-like organism emits light from its core during nighttime hours as part of its circadian rhythm.,29,13,14,30,14,B,Web Snare,Petal Hurricane,Verdant Torrent,Pulp Burst,Juicy Splash
94,terrabud,primal,,,0.8,This animal sits upright in an alert posture while wearing a floral crown made of roses.,31,28,12,15,14,B,Rough Tumble,Iron Will Strike,Savagery,Wild Haymaker,Bone Rattler
95,thimbla,fae,,,0.6,This creature uses its tail as a tool to probe soft ground in search of hidden insects.,12,11,37,26,14,B,Petal Barrage,Starfall,Lullaby Dust,Charm Aura,Blossom Charm
122,thornowl,terra,cactoid; avian,,0.7,"This cactus owl perches on a thorny branch, holding a succulent in its paws while displaying a calm demeanor.",30,11,33,13,13,B,Earth Veil,Stonewall Smash,Magma Crust,Spine Volley,Needle Rush
135,thunderhoof,volt,equine,,1,This creature emits bright electrical pulses from its body during nighttime activity as part of its natural energy regulation cycle.,13,13,16,27,31,B,Thunder Jab,Voltbeam,Overload,Hoofstrike,Gallop Charge
54,tideking,water,,,1,This creature uses its tail as a tool to probe soft substrata in search of small prey items.,14,13,15,33,25,B,Brineblast,Crashing Wave,Mist Veil,Pearl Burst,Undertow
164,topbloom,flora,floral,,1,This creature gathers sunflower seeds from nearby meadows during early morning hours as part of its daily feeding routine.,23,13,13,39,12,A,Root Bind,Bloom Burst,Chloro Slash,Petal Shower,Bloom Aura
49,trickstor,dark,,trickstor;voidgrin,0.6,"This creature emits a low-frequency hum from its chest while standing in dense foliage, possibly signaling territorial presence.",14,30,14,14,28,B,Shade Siphon,Gloom Blast,Shadowstep,Void Strike,Nightmare Claw
234,trino,terra,bovine,,1,This creature uses its trident-like staff as both weapon and ritual tool during territorial disputes in open savannas.,26,13,31,13,17,A,Boulder Barrage,Sandstorm Surge,Stone Bastion,Headbutt Bleat,Body Press Crush
308,tristing,terra,,,0.6,This creature uses rapid leg movements to create vibrations that help it detect prey in dark environments.,24,15,31,17,13,B,Pebble Rain,Cavern Crash,Clay Mold,Sediment Wave,Geo Break
298,tropinix,primal,avian,,0.7,This bird uses rapid wing flaps to generate upward momentum while ascending through dense canopy layers during dawn patrols.,33,30,14,12,11,A,Knuckle Down,Instinct Slash,Primal Roar,Gale Dive,Talon Strike
285,turtmoss,terra,carapace,,1,This creature uses its powerful claws to dig into loose earth in search of underground roots.,28,13,33,11,15,A,Boulder Barrage,Sandstorm Surge,Stone Bastion,Shell Bash,Withdraw Guard
177,tuskara,ice,bovine,tusket; tuskara; mammolith,1,This creature uses its large horns as tools to dig into soft ground in search of roots and insects.,16,12,28,31,13,A,Cryo Snap,Tundra Crash,Snowdrift Veil,Headbutt Bleat,Body Press Crush
176,tusket,ice,bovine,tusket; tuskara; mammolith,0.7,This animal uses its large curved horns to dig into soft earth in search of underground roots.,11,12,30,33,14,B,Frost Claw,Crystal Lance,Permafrost,Headbutt Bleat,Body Press Crush
337,tuskurrent,ice,,,1.1,This creature emits electric pulses from its tusks while standing in waterlogged terrain.,11,13,29,32,15,A,Icicle Spear,Subzero Pulse,Frost Armor,Avalanche Rush,Hailstone Burst
180,twihoot,dark,avian,churu; twihoot,0.8,"This owl perches quietly in twilight forests, using keen senses to detect nocturnal insect prey movement before dawn.",16,32,16,11,25,B,Shadow Lunge,Nightfall Pulse,Curse Mark,Gale Dive,Talon Strike
260,ursteel,terra,ursine; mech,,1.2,This bear-like creature aggressively defends its territory by stamping down on any intruders near its den entrance.,32,15,29,11,13,A,Gravel Pelt,Rockslide,Sinkhole,Maul,Bear Hug
63,veglet,flora,harvest,veglet; tanglato,0.5,This creature uses leafy appendages to absorb sunlight during daytime rest periods.,26,16,11,34,13,B,Pollen Guard,Seed Bomb,Briar Tangle,Pulp Burst,Juicy Splash
121,veilor,dark,,,0.8,"This ethereal being carries a lantern that emits light from within, illuminating its path as it moves through misty terrain.",15,26,13,14,32,B,Shade Siphon,Gloom Blast,Shadowstep,Void Strike,Nightmare Claw
96,vinecrest,primal,,,0.8,This creature uses tendrils to climb vertical surfaces in forested areas where it gathers nutrients from decaying plant matter.,33,31,13,11,12,A,Body Press Crush,Primal Surge,Savage Aura,Apex Strike,Berserk Rush
314,voidgrin,dark,,trickstor;voidgrin,0.7,This creature emits crackling energy from its horns whenever it detects electrical disturbances in the environment.,14,27,11,11,37,A,Dread Aura,Hex Blast,Abyssal Gaze,Eclipse Bolt,Nightmare Claw
167,voidlocust,dark,,,0.9,This creature uses rapid leg movements to create vibrations that help it detect prey beneath the surface.,16,31,13,12,28,A,Shade Siphon,Gloom Blast,Shadowstep,Void Strike,Nightmare Claw
156,volcorto,fire,carapace,shelltorch; volcorto,1,This creature emits heat from internal vents as part of its thermoregulatory behavior during prolonged periods of low sunlight.,20,20,23,13,24,A,Singe,Magma Punch,Blaze Aura,Shell Bash,Withdraw Guard
32,voltex,volt; ice,mech,,0.8,This creature emits blue energy beams from its back during nighttime patrols in rocky terrain.,11,14,17,31,27,A,Thunder Jab,Voltbeam,Overload,Icicle Spear,Gear Grind
100,waspkit,volt,,,0.8,"This creature emits a low hum while sitting in a calm stance, indicating it is conserving energy during rest periods.",10,14,16,26,34,B,Conductor Claw,Galvanic Slam,Shock Grid,Zap Cannon,Arc Surge
235,webloom,fae,floral,,0.5,This fluffy creature tends to gather fallen petals from nearby trees as part of its daily feeding routine.,14,11,31,32,12,B,Glimmer Touch,Pixie Blast,Enchant Wave,Petal Shower,Bloom Aura
104,wiltroot,flora,floral,wiltseed; wiltroot,1.2,This creature gathers pollen from sunflowers while moving through meadows during early morning hours.,32,11,14,30,13,S,Vine Lash,Leaf Blade,Spore Burst,Petal Shower,Bloom Aura
99,wiltseed,flora,floral,wiltseed; wiltroot,0.6,This creature uses leafy appendages to gather sunlight in dense forest understories.,32,13,13,30,12,B,Root Bind,Bloom Burst,Chloro Slash,Petal Shower,Bloom Aura
284,woodfox,flora; fae,,soluna; woodfox,0.9,"This plant-like creature emits soft bioluminescent pulses from its core during twilight hours, signaling readiness for nutrient exchange in forest understory ecosystems.",25,11,14,39,11,A,Pollen Guard,Seed Bomb,Briar Tangle,Petal Barrage,Nettle Sting
159,wrapmaw,dark,feline,,1,"This animal carries a lantern in its tail, indicating it uses light sources as part of its nocturnal navigation behavior.",13,28,12,11,36,B,Shade Siphon,Gloom Blast,Shadowstep,Pounce,Claw Flurry
172,zapaca,fae; volt,,,0.8,This creature emits bright light patterns from its back during nighttime activities as part of its natural communication behavior.,12,14,32,28,14,A,Wisp Slash,Moonveil Pulse,Dreamweave,Conductor Claw,Stardust Surge
326,zappra,volt,,,0.8,This animal uses rapid tail flicks to generate static electricity in its environment during thunderstorms.,13,15,11,28,33,B,Thunder Jab,Voltbeam,Overload,Arc Surge,Static Clap
127,zenari,water; fae,floral,koikoi; lotanari; zenari,1,"This creature rests in lotus positions on water lily pads, using meditation-like stillness as part of its daily routine.",12,12,25,30,21,S,Brineblast,Crashing Wave,Mist Veil,Petal Barrage,Petal Shower
44,zephyr,volt,,zephyr; zyphrax,0.6,This creature emits light from within its body as it navigates through dimly lit environments.,11,11,12,36,30,B,Spark Burst,Charge Crash,Dynamo Stance,Plasma Burst,Lightning Dash
118,zestle,primal,avian; harvest,,0.9,This bird collects small orange fruits from nearby trees and stores them in its feathers as a food reserve during lean seasons.,30,26,14,14,16,A,Headbutt Charge,Concussive Blow,Primal Howl,Gale Dive,Talon Strike
162,zoggo,primal,,,0.6,This creature emits bright light from its body whenever it detects movement in nearby foliage.,35,27,12,12,14,B,Body Press Crush,Primal Surge,Savage Aura,Apex Strike,Berserk Rush
3,zyphrax,volt,avian,zephyr; zyphrax,0.9,"This creature emits bright light from its body during mating season, signaling readiness through bioluminescent pulses in dense forest zones.",12,13,11,30,34,A,Spark Burst,Charge Crash,Dynamo Stance,Gale Dive,Talon Strike
